request_id,requester_received_pizza
t3_i8iy4,0.259811332471328
t3_1mfqi0,0.355268985343006
t3_lclka,0.21165259298941
t3_1jdgdj,0.207156334898547
t3_t2qt4,0.245743742837731
t3_pvojb,0.222870070046704
t3_142n4c,0.0976291628774588
t3_17rja6,0.261936953259093
t3_1lg6u2,0.17131973823309
t3_1b0mtx,0.340580994873721
t3_mmivq,0.278592725863781
t3_11ux2a,0.160481712349507
t3_klige,0.210837570482913
t3_1iv3cj,0.218854768275426
t3_13dh0w,0.106256108862452
t3_li326,0.160897345432014
t3_xww8y,0.193281322151009
t3_kogen,0.194699220589368
t3_ik8w1,0.320595241811971
t3_j3nnl,0.295592919148832
t3_j6xvd,0.217624361984313
t3_1lsrj5,0.49190465296839
t3_idld7,0.300110698867524
t3_y6amf,0.585467599884256
t3_hl0ft,0.332207122365651
t3_jg6yk,0.419058795752113
t3_1k5ss6,0.303974112550413
t3_u6i4z,0.266812178646211
t3_ltuhq,0.1309849876548
t3_1m2om7,0.350980000489936
t3_hgdtf,0.335172859557134
t3_w89lu,0.312451654315661
t3_ifk6u,0.149351796526823
t3_18c4e9,0.233341466292433
t3_133rk6,0.318828114758984
t3_icpa2,0.288251781217131
t3_tllxh,0.326360204741798
t3_ibvic,0.0946075428347909
t3_153cst,0.216357949907301
t3_115vox,0.234383576722731
t3_n318c,0.226090462717362
t3_ojy6r,0.408462860158437
t3_wziql,0.234879660423298
t3_jiwx8,0.139844270461855
t3_ibsyq,0.213214601675126
t3_v07fz,0.308744387055378
t3_us9ho,0.199098238707786
t3_1l120o,0.215854366933707
t3_1avwr4,0.202681627873425
t3_11pdxt,0.103417615438347
t3_1eg6hz,0.159807423478443
t3_nfom9,0.244869723291987
t3_qaf9d,0.246535069763772
t3_15dl3p,0.300888609118157
t3_1ietp9,0.199650389920576
t3_if8os,0.328518259218679
t3_irugk,0.226305579867133
t3_i5liz,0.252185693086467
t3_1indge,0.282758642878959
t3_1j6smi,0.271445110665426
t3_1lxyig,0.251388240278217
t3_hecc7,0.400200597523214
t3_14tiyz,0.129456126636924
t3_k1z07,0.268938712799085
t3_10wwjr,0.0738361440140638
t3_lvs72,0.287037470929296
t3_18u12f,0.276043560193418
t3_yftil,0.262085449379272
t3_i20wz,0.27648686148951
t3_zs6gr,0.198363883792947
t3_17rugq,0.200202842406266
t3_10cmhw,0.149719112331998
t3_1jgj8g,0.207748012492113
t3_16q2jp,0.337179771425827
t3_1hbpnz,0.318934425321608
t3_1737ki,0.181301674983266
t3_pfl37,0.251529015966676
t3_qg1wv,0.561146557712822
t3_wcupv,0.105607811537768
t3_14gsx5,0.203326184693569
t3_xzsu3,0.206290313393164
t3_1lnsb4,0.296952062261044
t3_iympu,0.174550924342993
t3_k9o6g,0.298230391610724
t3_1ktbje,0.260173707821778
t3_zuow2,0.140437739401999
t3_16tazw,0.244819727310481
t3_pvl3a,0.245199654258067
t3_11a45a,0.214774888113766
t3_187gk8,0.242934845503039
t3_jrtbz,0.318275685179911
t3_lagsc,0.245943216947701
t3_rt9rt,0.359062354803852
t3_15qz4q,0.417627916299003
t3_hz1m5,0.360287271794906
t3_119agf,0.226679351569473
t3_k70hk,0.279092012542106
t3_i2xbl,0.122277065331815
t3_10gk0h,0.329908212140938
t3_1mwaf9,0.248237725920262
t3_uwwyl,0.174986227515157
t3_10ca6l,0.211085573059386
t3_1h4mik,0.212270293942458
t3_i0qp5,0.3410920415795
t3_krx89,0.568356066860793
t3_ibtwa,0.260798288466528
t3_11tb71,0.209524901330778
t3_sfrhj,0.165578491525017
t3_jncp2,0.225499981211147
t3_t7qee,0.127162154951026
t3_zxawy,0.630387051983041
t3_id14p,0.181285761276719
t3_1by9im,0.286773589324044
t3_hwxwd,0.180858420050236
t3_jmo2j,0.148523158647879
t3_wc93i,0.100428287383936
t3_qzu7s,0.171706035239324
t3_xn9n8,0.162641292667828
t3_10vrop,0.100626440897124
t3_1crhe7,0.240078335667019
t3_sz4rm,0.122105549455743
t3_micek,0.204674094203887
t3_nbkbt,0.209224575233657
t3_13jofn,0.103569750788724
t3_1fwjjw,0.366463077639658
t3_q2spw,0.12890241855946
t3_v8f7b,0.471027902772496
t3_1cnqfg,0.378042851881749
t3_xn0no,0.395063039769918
t3_ki6jk,0.192151565502882
t3_mbcj7,0.288518895281972
t3_j65lu,0.394855434866369
t3_jm9ld,0.204501056796091
t3_tfo4q,0.278308604131618
t3_1160fi,0.129072165335023
t3_yg7bf,0.358943787235193
t3_naauc,0.215523499221708
t3_14tdkv,0.18085036625005
t3_ozrs5,0.236585761370715
t3_mywtr,0.130114197355778
t3_14bzcp,0.256571637533605
t3_1hwd6l,0.163600261672611
t3_10wbvp,0.2210479457272
t3_1bn2ov,0.340569381976732
t3_14talm,0.190583774156122
t3_13seyz,0.0818271765285256
t3_jnywu,0.272841648719108
t3_tdww7,0.0988279841920124
t3_vn1l9,0.205757368263046
t3_zhzk6,0.523290757525451
t3_1fyoex,0.208367254610472
t3_11t3kg,0.209288517799114
t3_tubzr,0.156355493203234
t3_1gstqn,0.259503716813623
t3_1euaic,0.208092886557451
t3_ynaia,0.357137355388049
t3_1mwhh9,0.146660755139355
t3_m1y90,0.124539296434188
t3_1je8f1,0.377345917934663
t3_rx4zo,0.289467629581285
t3_1f8kvl,0.214675124184907
t3_1is6ya,0.239140234526011
t3_iai8b,0.428482180413789
t3_1fnw48,0.482770461719693
t3_vmwzf,0.249808614302822
t3_jg8jk,0.177603270920885
t3_12hejm,0.287526546538378
t3_1krjs4,0.214296563807621
t3_k4utv,0.306655855530008
t3_xbitu,0.19319789337671
t3_13y8zq,0.157125638516146
t3_q60gf,0.251975647594116
t3_jb9gi,0.217746321351874
t3_t22lo,0.406841907711449
t3_vptrf,0.296029392086292
t3_1cexg7,0.437158352535133
t3_yuxak,0.129827102885153
t3_kdstl,0.109605344447998
t3_1gy3zk,0.205520209464403
t3_1cn4fz,0.147642978924574
t3_1o5psw,0.678188263398116
t3_1fi04r,0.205525869823826
t3_ovnya,0.157720383278316
t3_puk2v,0.142182905790766
t3_1mwqc3,0.0840706943800249
t3_hueth,0.260694569822978
t3_1muyje,0.422116057572871
t3_l5kka,0.15839956537812
t3_1cmihx,0.215602021623592
t3_10j1np,0.188335483706856
t3_sydf2,0.340835756835934
t3_1fcf2h,0.193638503527559
t3_m2id2,0.125993238948466
t3_m0vt8,0.301757177877285
t3_14t7j9,0.282564438283761
t3_1b0jci,0.0868290006996413
t3_zsa2t,0.299195761606675
t3_xd60b,0.199796411598878
t3_htzo7,0.253308799320369
t3_1hl0jw,0.231790169752766
t3_19lq75,0.28641945489082
t3_1bp2u8,0.166542107005781
t3_jdxtx,0.15777617814692
t3_j68ur,0.365592925797915
t3_10fo7v,0.220283386608988
t3_18cqfw,0.331515054189403
t3_1bp1we,0.218920855986173
t3_hzzgp,0.236168935144809
t3_jrzko,0.159660853401916
t3_ieglz,0.192432855039477
t3_113kuj,0.217799141828722
t3_ledoj,0.214306618231681
t3_iy36f,0.189823635696723
t3_113qym,0.28495821477754
t3_zha1q,0.235817036410656
t3_16xsqk,0.30453135533573
t3_tq5qq,0.129854398334873
t3_y2qle,0.211023322148284
t3_jafft,0.185295721786844
t3_s6iox,0.326128554950707
t3_vhs8y,0.172650494473784
t3_kyw1u,0.203928519519209
t3_12839n,0.24175948397774
t3_jsaom,0.129130267874369
t3_qmp3p,0.284139079924054
t3_ny3zk,0.310151155981467
t3_lkmwg,0.185602607738565
t3_uhmf8,0.260872067230404
t3_hyr3z,0.401465103517231
t3_pvs82,0.271460626767159
t3_htfi5,0.227295385191609
t3_ltyr4,0.284332533214728
t3_x285o,0.271260358170503
t3_j2fxf,0.358832309325939
t3_lt6l5,0.253139467433872
t3_mlwsc,0.199634643514303
t3_kwlpi,0.321472229383541
t3_susbr,0.156439305492399
t3_13ww4i,0.128558335508576
t3_rs4rl,0.231638323556554
t3_12l3sq,0.15427126779873
t3_1e7zhc,0.176809894010665
t3_14ssun,0.132439929012476
t3_pbh5x,0.111941753576322
t3_1iemsj,0.255623210740021
t3_qdn9m,0.144989552581957
t3_ienvf,0.161099129892973
t3_1ckh9t,0.384946766434485
t3_hwzc2,0.154563444579324
t3_p3lkq,0.361851586835267
t3_icr1j,0.199288624516682
t3_1ipgcx,0.201136578981043
t3_iqw0f,0.260227109150195
t3_1fbfeg,0.190447442048626
t3_j7us6,0.262316095488498
t3_iwany,0.185637088250126
t3_mdhq5,0.149392013040833
t3_wag1s,0.188244370434215
t3_1kvwpq,0.273161486792451
t3_plp25,0.200496561610431
t3_k3qyc,0.234446338169834
t3_12txtd,0.105510057886272
t3_irj2c,0.247104264565128
t3_qnrv7,0.442665834701984
t3_m7bdd,0.345116961161664
t3_10qngl,0.11708585358393
t3_10d4a8,0.233010976708095
t3_w160y,0.39547182521852
t3_lp1ux,0.111726865661059
t3_1i6bna,0.285835257978008
t3_1g74wk,0.256480600904122
t3_18pv4q,0.154980531656301
t3_1epv0f,0.391260304815394
t3_1mvb6s,0.0981702788456215
t3_17z37c,0.153674774388279
t3_m6np7,0.261747184447407
t3_11tiox,0.14489459627912
t3_jf55a,0.142806435723107
t3_l3g0s,0.222000853474959
t3_19p6mc,0.163105653813656
t3_xeedv,0.211403096910473
t3_slq9i,0.108053536706798
t3_jirtz,0.320457222282582
t3_tblcz,0.226200288903657
t3_qqud3,0.331130227792326
t3_r06po,0.232337349786834
t3_1l2a9r,0.236891914165156
t3_iefba,0.515259298923917
t3_kbc4h,0.121711985178739
t3_mc7hx,0.248404469164606
t3_1cyxp5,0.487431104284178
t3_1lmc4f,0.257318950757801
t3_wo6p3,0.245790366470003
t3_ojtem,0.128352494657693
t3_k3yrb,0.154036045984579
t3_i8xhn,0.200921463135163
t3_w6xdm,0.251751856938689
t3_1mxpun,0.142315124685534
t3_1lx6vd,0.371567088759257
t3_j8hka,0.214604752977847
t3_xawwv,0.211788841184023
t3_1l19vv,0.219425435021364
t3_j4vbo,0.349230887982889
t3_1ikc0d,0.288350586080454
t3_m6rdr,0.112493485846197
t3_19xxso,0.267344035129425
t3_jt1ti,0.335125566207531
t3_1abab2,0.146414437145209
t3_17rl0y,0.377317536434042
t3_jdfhh,0.35109993062783
t3_1atk3v,0.321612855912966
t3_tglzi,0.299751697202392
t3_1iv6uf,0.0829402650112463
t3_p85iu,0.538528789927749
t3_x9v8i,0.177957031274691
t3_mwclc,0.367151206379876
t3_1432t6,0.313411724268169
t3_1732xx,0.204375766220283
t3_uaqw7,0.241367816568743
t3_jwam4,0.22220355347184
t3_143pb1,0.274079350228367
t3_ixmw3,0.214467802016855
t3_roye7,0.335584316020763
t3_1l1b96,0.213044971041038
t3_1lfxmx,0.120803737040439
t3_sm0fi,0.203380245616011
t3_x6xfz,0.236276789732058
t3_1akj1c,0.169806743816318
t3_jzcyp,0.0980537599271539
t3_o1gb7,0.230644158952358
t3_1dapt6,0.453150800117882
t3_1a1wmz,0.156901318936467
t3_17apty,0.210704671911598
t3_13fi4r,0.157375853094182
t3_1ly2ne,0.177285261561202
t3_1mvmz3,0.13430227817023
t3_10uh4n,0.143312926154655
t3_1m4s8q,0.152011856877178
t3_wd1bd,0.136073317387182
t3_ifih0,0.222998190904256
t3_1hbxzi,0.211599050971365
t3_qs09d,0.168050692218249
t3_mjf5t,0.169940620997213
t3_12p4qj,0.186351014939883
t3_soea1,0.363042078899028
t3_jly5g,0.131341024651111
t3_1lcmkx,0.238130496614032
t3_1jo0bx,0.149133437555386
t3_1ltp6r,0.285529363692387
t3_181l4t,0.372316444401407
t3_ipzg4,0.184241931078351
t3_js0ju,0.266991129074788
t3_1gveed,0.266218592325626
t3_tozvc,0.160867366997107
t3_1kilzb,0.178909683199822
t3_185vvk,0.205217714346568
t3_m47yc,0.267016581912717
t3_1mg7m1,0.231879106848319
t3_1mdya5,0.185153903381174
t3_19ctqj,0.281461643914595
t3_1mim72,0.183039917409189
t3_iymko,0.36040422193393
t3_opkmm,0.270758758386533
t3_y466n,0.275073181942722
t3_jx9tr,0.193682081213833
t3_10zoec,0.363523956438026
t3_u08u0,0.190949517358565
t3_19ob9z,0.177504158282394
t3_jzkd1,0.173121163229558
t3_q73oq,0.145999784430731
t3_y5vj7,0.353627494196573
t3_y8w7b,0.201841044732389
t3_kxjsp,0.125482886259199
t3_1ivwvt,0.294936111786148
t3_x768a,0.121037219337787
t3_1iv28l,0.274821512395904
t3_1l27b3,0.139192066778423
t3_q1xxo,0.107847383676507
t3_jb6na,0.13895502730776
t3_163bzy,0.203008861239926
t3_qsejn,0.234653490215
t3_1nbrku,0.551931696180712
t3_1ej7wt,0.171821223773778
t3_zh75s,0.2295586790746
t3_lstm9,0.202043451568526
t3_1j5z7e,0.305436351490063
t3_1574sv,0.251450066356812
t3_wkdxa,0.151969280364385
t3_pl5aj,0.292798514071786
t3_qap6u,0.224686636140221
t3_1gvnj8,0.149453743337275
t3_js9gy,0.232110808484751
t3_is8cd,0.225860255680589
t3_lbl8w,0.154824031913056
t3_uozbx,0.164908669632477
t3_1lxntp,0.267286863615839
t3_11n72r,0.204260122664013
t3_1iez8q,0.150491024344121
t3_ozu7k,0.226915452305089
t3_owy0m,0.177668099723412
t3_1md6b9,0.285880798552574
t3_1ex028,0.270313105846995
t3_1dg2bk,0.155241828040482
t3_hzt8o,0.209648056148452
t3_131n6r,0.160751773284222
t3_1jxgvf,0.214687829006443
t3_jmdya,0.073147318777873
t3_mg1zt,0.263842251744415
t3_j0cz0,0.228023456071938
t3_k1gsx,0.442218650783322
t3_1dmups,0.265466116066409
t3_x959y,0.480555008890422
t3_nnbds,0.348887656760551
t3_13trxv,0.217790697225975
t3_1awfml,0.319362335819146
t3_lyy5x,0.361892009934012
t3_1iwegx,0.229685846491435
t3_193frj,0.125504762172969
t3_1iudup,0.124729516267704
t3_1fwbdg,0.233398603484307
t3_16xtvk,0.360012231211248
t3_1ipepz,0.144516759887217
t3_mhcm8,0.239286675200939
t3_1gq3gs,0.423420779114781
t3_vghwo,0.213261748307473
t3_keseq,0.232602346465375
t3_16z08l,0.55138705563891
t3_mas62,0.268406555926065
t3_1isgm3,0.276929879559074
t3_puwjr,0.153906584490199
t3_liudo,0.146810288635228
t3_jxh9m,0.213236735578444
t3_11yzo2,0.160612474238337
t3_1btj3q,0.27529531345174
t3_lfma1,0.343661185367219
t3_pbyjt,0.197149627334561
t3_1jo4f6,0.13408316929245
t3_yejtx,0.18194150385731
t3_193zoz,0.114642664146688
t3_16w2nh,0.180701919449403
t3_jhmef,0.151608140683038
t3_tlbjk,0.198999743338113
t3_s80om,0.391056111544266
t3_kwrjo,0.217687068082353
t3_1cw1ms,0.273592142379438
t3_uj99i,0.21147320242984
t3_1apdwu,0.24671038322461
t3_iborf,0.264903502026512
t3_12kfy9,0.112391399659537
t3_126tep,0.171118636265792
t3_ji3ca,0.155234818909517
t3_lqnpz,0.204248488260444
t3_ibvn8,0.287390020339809
t3_i50i4,0.177095598558214
t3_lushm,0.195116016389466
t3_iffit,0.184152139644397
t3_12nmdv,0.125786849560687
t3_1lrh6u,0.233867908490082
t3_qvbzt,0.228121299500128
t3_1iez5w,0.223295562883011
t3_ql5gi,0.103874453788958
t3_1msxkn,0.138025157028972
t3_jf2fg,0.318957770472031
t3_1g4lyw,0.258737361308115
t3_1k910y,0.318234677224988
t3_x3cmt,0.136083726135643
t3_x9etl,0.381170336625749
t3_klaa6,0.131081829481387
t3_yht6g,0.132872335556286
t3_y2ljd,0.217352830175472
t3_ialy9,0.346046077802885
t3_naq48,0.190897314236569
t3_107ru4,0.302344521229751
t3_1ihfkx,0.109277819695994
t3_1ll049,0.155967890735913
t3_12nmjl,0.11580224167193
t3_1mit7t,0.146756009468116
t3_1n84jc,0.124574517757024
t3_1boflh,0.326520302616806
t3_121toe,0.128749559196807
t3_umaqa,0.301286588631414
t3_i4ck0,0.237658401745625
t3_193zo3,0.131238502931231
t3_1jggdv,0.183279983158378
t3_lencv,0.265389631034141
t3_1ahfft,0.127446975069473
t3_vpa6p,0.229799641195934
t3_k1yom,0.35978518307555
t3_k4nfr,0.231013893425288
t3_iptt8,0.184427889459641
t3_1n5n9z,0.109819098565804
t3_sss6w,0.285381696818524
t3_jb038,0.287875740569946
t3_v8beo,0.523973310269634
t3_i9qjc,0.241492247665827
t3_uoywy,0.533921861037665
t3_15gf4h,0.270771689911497
t3_z7i98,0.274202998274892
t3_kibv8,0.0579494339335518
t3_lope8,0.157869339210489
t3_116umn,0.270065857635483
t3_k31fw,0.284702413171422
t3_yl88m,0.299656306482608
t3_iypmh,0.2754660510034
t3_ihdnr,0.179424090193359
t3_15jy6m,0.130181536341548
t3_1l0j5d,0.205141649939554
t3_1diu6d,0.235513043256556
t3_1fzhzr,0.274884852744469
t3_iclgj,0.35097480165144
t3_1jzcon,0.284563335254863
t3_l2tb0,0.10777597616764
t3_16xpx8,0.220767539639331
t3_1h6hhv,0.353330067914669
t3_10u7w0,0.135676950016775
t3_vnbuw,0.245122915196541
t3_j0p9a,0.23422759827265
t3_z59mf,0.255477027932978
t3_1lozqp,0.26478840954717
t3_mwzrw,0.243169815699259
t3_iri2m,0.280487742113529
t3_qc8g7,0.26216160635704
t3_mkd95,0.348919541812251
t3_yl0d6,0.343853366114498
t3_1gtjtl,0.411853908029785
t3_1l8cy1,0.205409748399929
t3_k0rt7,0.158710275598144
t3_17bfiq,0.279527079131829
t3_10ha4t,0.194468848908434
t3_ylne2,0.232907018228564
t3_q3bzv,0.297322325151291
t3_100ws2,0.296109139777215
t3_wkix8,0.210705580773964
t3_1cqwsx,0.195604791659272
t3_144op5,0.288740527349916
t3_pmvgu,0.213879589403143
t3_16bg93,0.407291484039285
t3_10a2dc,0.143333726169172
t3_pt1qv,0.284789185339459
t3_1na4hu,0.274995832324877
t3_1lt6br,0.323183205391343
t3_152ods,0.118753761102325
t3_1j96zh,0.47474983936297
t3_ialea,0.163792092317604
t3_1kiib3,0.241295599869992
t3_zj8ln,0.219437641717782
t3_1ku1id,0.192030820165222
t3_yq9dd,0.180534671345145
t3_j1ppy,0.240703317199422
t3_12rcts,0.0988776551560825
t3_1005cj,0.110453525919227
t3_v10wr,0.10990038084827
t3_10tzmd,0.231124160029719
t3_1j4sg0,0.191654434251587
t3_13y2ou,0.148647349445428
t3_16c7pm,0.331804643812799
t3_jpyr1,0.253469135026557
t3_ynmkd,0.160887798457106
t3_14wvfb,0.169808058832518
t3_qj5j2,0.323429452080736
t3_ys4zk,0.246010220969378
t3_1imxgn,0.25113571369987
t3_ukrwy,0.267252491479176
t3_1b4spk,0.127743822274388
t3_wpp9o,0.199018280564319
t3_s4jhg,0.225417906250445
t3_i2vq7,0.150492685566055
t3_1miz3n,0.158454239848751
t3_1209kl,0.206907949558989
t3_wh0l4,0.138470125546648
t3_lu96s,0.15171837421304
t3_kcfr0,0.265009727431505
t3_1myvpl,0.194230917955603
t3_1l0lpu,0.277731055582537
t3_z1lre,0.249736453700855
t3_1mu7o8,0.10992704073149
t3_zukcs,0.212183669094465
t3_i6vkd,0.274513243833062
t3_kcldp,0.313562502573591
t3_19dhd6,0.212078892344373
t3_1i7c6y,0.189071677152121
t3_seonb,0.153296708846851
t3_rv4en,0.195053317950138
t3_qrwex,0.29682430421778
t3_1mo5ws,0.270065488343349
t3_ndq9f,0.396700098065973
t3_o0l9h,0.299625184860468
t3_tds8d,0.31985162323527
t3_1jde5v,0.208828443391395
t3_12hb73,0.319062994838122
t3_juemz,0.414799627217122
t3_kh34f,0.144590795611969
t3_khwp6,0.376954949732733
t3_iqumh,0.289981716970907
t3_pszmn,0.224840117867618
t3_1mx366,0.0851282099006058
t3_jcm20,0.292493920830033
t3_1bbzet,0.175601197430067
t3_iowa1,0.222057571315453
t3_1h1syy,0.13984896191374
t3_myx8u,0.267143316734888
t3_1g7ny0,0.134370740448001
t3_17tkid,0.193301175607677
t3_11hcyw,0.119613025787749
t3_n6qkh,0.223543705429291
t3_tmn3s,0.207350988449729
t3_11v7q2,0.135609134369069
t3_1cd6yv,0.342234583419634
t3_io0oy,0.263756046566693
t3_1hip5p,0.332740773206649
t3_1gkd2i,0.156187778586532
t3_hvgv7,0.376243030295798
t3_m5a39,0.108632261796086
t3_17sl35,0.253304745071949
t3_utp3h,0.181950405051662
t3_10tv7s,0.100853384283948
t3_1a40n4,0.166690424363926
t3_kj8a0,0.13873512334977
t3_1mgrri,0.176977435706064
t3_1nd11h,0.328562238051116
t3_1ldhfb,0.129758839698922
t3_10mo95,0.109890836795494
t3_sx32l,0.358877067902578
t3_pw2mi,0.183258536627795
t3_o7co1,0.157731176109563
t3_16stuw,0.149811639399248
t3_1ctx4r,0.110903754479632
t3_1adx9s,0.311341940190661
t3_il9ks,0.122684187586976
t3_rp169,0.218604195940523
t3_zatki,0.289698839219395
t3_iknip,0.140843046049416
t3_uhoi3,0.113785350381102
t3_uz6m5,0.16743939098334
t3_127wms,0.268876453086808
t3_16bong,0.180621275068438
t3_uz1hn,0.224494852667297
t3_keq0w,0.209865932789158
t3_y3hef,0.261411251924333
t3_iaoch,0.309803675060518
t3_rf6ne,0.271102467482873
t3_1cjpyc,0.444545369198194
t3_t1rba,0.207095088482931
t3_j5td8,0.351703835680469
t3_mpkb2,0.175915278479053
t3_x8k7r,0.288126570800875
t3_ikw4b,0.179997591439593
t3_1784zg,0.428009172141876
t3_it7o4,0.281872177097752
t3_zv8j4,0.326952056239176
t3_12t1lk,0.117203291873494
t3_vjk10,0.365780031631675
t3_khwh9,0.121525230731509
t3_1b7u1o,0.172730675906625
t3_1l2duz,0.122346923254259
t3_wkwew,0.309302222856324
t3_l1klc,0.187583149987824
t3_1epqt0,0.40563505711874
t3_1mvp23,0.214203585868738
t3_tnfo9,0.214898588113338
t3_ka7al,0.262217758474769
t3_wwl2i,0.457560073699904
t3_inkwj,0.229957344535491
t3_ilt19,0.342100132041898
t3_pgs0h,0.242455677931154
t3_iwfey,0.204674095822641
t3_jqgd5,0.537419121914322
t3_qc5o5,0.3094910043838
t3_soims,0.137838733157636
t3_17s4gm,0.159171456165125
t3_1hq0de,0.10440629452529
t3_jigc8,0.157532357501448
t3_1l2vma,0.147320652953715
t3_14t437,0.274489156496597
t3_19jx8n,0.184474755375591
t3_n420r,0.117566258636775
t3_1czpg7,0.23712481206394
t3_ishzm,0.234559793498334
t3_nx2c3,0.213688959101101
t3_1jx4g7,0.388925395946943
t3_12zak9,0.238283210713232
t3_p7o7p,0.298429651613949
t3_u7588,0.196339892945398
t3_icoi3,0.322824541416754
t3_10p6bh,0.0881634302190993
t3_j0ert,0.438728597578674
t3_i5pv9,0.172031117325328
t3_ncw61,0.314278374875206
t3_1a6oez,0.0675677994548164
t3_15zae8,0.233824057755651
t3_118p7t,0.640283737300739
t3_p1s5g,0.191885911482345
t3_slvkc,0.282985411331805
t3_1n0mel,0.168380903578319
t3_z9a9f,0.141084427388817
t3_vzxe5,0.209578082966276
t3_103oiv,0.065584523295609
t3_14wzoi,0.222512039689195
t3_1ib7b2,0.389161274137013
t3_llyi4,0.166955633448283
t3_1kxzgl,0.392756501430801
t3_ihdep,0.20801087664141
t3_iui32,0.119794051938817
t3_pwu9g,0.334406404882172
t3_1jd4uk,0.235523110109504
t3_iq6md,0.272374846693633
t3_x7u2w,0.410450669747932
t3_1j6vvd,0.190874726597252
t3_103ub7,0.149280099583971
t3_14a8dq,0.120617718909946
t3_m99m6,0.316742698309472
t3_x7oqf,0.237472573563271
t3_1ce5o7,0.382444576454662
t3_1cvjjv,0.317554632463726
t3_1nbngz,0.172461948621598
t3_1a8xdn,0.277462374409724
t3_16yaml,0.12583547447874
t3_1i8aq1,0.322675533007325
t3_15nht5,0.308332352017869
t3_1glm8v,0.20571020641589
t3_l8c3e,0.131785558485752
t3_qgp7g,0.141141392904288
t3_1bbkjj,0.579775177194463
t3_l7tdm,0.255560634404512
t3_oqfw3,0.175084946066979
t3_vn01f,0.225243041297476
t3_j7spk,0.411675426605098
t3_k6wpu,0.361037862626275
t3_wywms,0.122315910411956
t3_1mzwgv,0.32227972484006
t3_1g30en,0.296496308758712
t3_1lqpgs,0.355156235065734
t3_xlntv,0.213387962275127
t3_1jaeay,0.226201630306199
t3_xwkff,0.147481962066909
t3_qble3,0.242187079152619
t3_vgtvb,0.103800840219183
t3_huun2,0.23900801205146
t3_11iwbh,0.278702570110574
t3_saszu,0.254109074543717
t3_17ziw6,0.181797245755786
t3_nfyao,0.39010514256476
t3_zuqs9,0.104397140393014
t3_1aoyt9,0.193107846403912
t3_i5viy,0.113402178180341
t3_1alsyg,0.157788871971662
t3_1i1vg0,0.457070004299695
t3_ot0gt,0.403711206945708
t3_o32bg,0.241968575308801
t3_1ihs5o,0.438043306194518
t3_n6ike,0.163279474215622
t3_19w1fa,0.141936708123139
t3_1iz7w9,0.35528895339642
t3_15irym,0.388237783587475
t3_recpu,0.366116189482639
t3_1bnjaf,0.197786532159844
t3_mn557,0.253438590153692
t3_1iuxw6,0.277524637315073
t3_1eipbs,0.359930569743318
t3_16gm64,0.208751443280213
t3_z10a2,0.198999978318502
t3_jq2qd,0.192547084617899
t3_yl0mo,0.253404506318303
t3_iburr,0.196369009964542
t3_ijk8n,0.131905900687783
t3_jya89,0.209902624612977
t3_mslxz,0.303437179688761
t3_1nuvzh,0.608507443595455
t3_kkd4w,0.342232245493219
t3_qbp6w,0.213604419642892
t3_1g2qc7,0.186766331984261
t3_10fjy1,0.0711766974364875
t3_qzqrr,0.298607152990058
t3_sizfg,0.292814661946542
t3_k6dvb,0.311836017804661
t3_jx8c9,0.363211678609735
t3_1l7szl,0.471832326811126
t3_kal40,0.293754415053993
t3_y80tw,0.223856859188672
t3_q087s,0.210525187084139
t3_wcv08,0.164340149804919
t3_11ybtb,0.187531496252045
t3_jb0sr,0.239532425896867
t3_iqyh1,0.211440725938485
t3_vbvas,0.337258386499059
t3_i77kq,0.312047623224412
t3_kn4tz,0.201170192388483
t3_iql59,0.269808257782517
t3_1jtmxq,0.192284646014224
t3_1g4n79,0.134623043166393
t3_18a5ku,0.106541125192761
t3_1eojga,0.201893258328312
t3_qyoqv,0.357445999622549
t3_j0c1a,0.349213830285012
t3_14yxcw,0.171097874101697
t3_16n6pk,0.294683769112972
t3_vmld7,0.197184569224998
t3_19wz0p,0.212426059325261
t3_wh5io,0.301954657041331
t3_wllf8,0.211364395897141
t3_1j8sle,0.378208731844224
t3_ygzwt,0.205730248670729
t3_sf1tx,0.207974067232315
t3_my2jp,0.217161196325537
t3_1csu44,0.297048779938174
t3_1gzwv3,0.700187008081504
t3_14i071,0.170637674755941
t3_mlvt9,0.191274178052009
t3_16bki5,0.444880615479306
t3_1irwdx,0.309730724275059
t3_o9r7b,0.285246442781896
t3_14ul32,0.274315645116171
t3_1i0eh2,0.42736683265019
t3_mqngj,0.187113517013032
t3_1crdrj,0.103425503487877
t3_x5h3j,0.358265216245469
t3_1kud1g,0.160746523388541
t3_iokob,0.32767265105768
t3_lqc45,0.161258206174463
t3_1nbk5w,0.110286041422093
t3_1dqyg1,0.245925145001965
t3_1lxc6a,0.401329954843137
t3_16up9c,0.216231441840591
t3_ki92d,0.282083304264685
t3_xun5w,0.181337225691643
t3_jp37k,0.149751894162015
t3_iw40l,0.479965039233944
t3_1bnc88,0.23635707782669
t3_nf344,0.241538209207802
t3_if7k2,0.184156146597526
t3_jkyp6,0.10673046205725
t3_1cpe20,0.481799034730378
t3_tq16k,0.111573869030516
t3_1dd5tg,0.223222933933245
t3_16smd3,0.372684113813416
t3_uumxf,0.425089284746914
t3_1ihpy4,0.227476522608366
t3_ip2hr,0.592156393373758
t3_pvcnn,0.163595219726495
t3_16kriw,0.203302622699622
t3_lwy5f,0.283801749835771
t3_wy5o2,0.120579394715924
t3_15995m,0.199720597852185
t3_1g80pd,0.244127904173019
t3_vt5ky,0.257078477399741
t3_kpi24,0.376193002463538
t3_15uhsz,0.125708646231206
t3_wy5zu,0.180453917306829
t3_x3kb1,0.267094379945994
t3_j6rym,0.234864020544991
t3_oseds,0.311016357714062
t3_11u31u,0.160773307312263
t3_r167g,0.123531988976342
t3_1dauom,0.27647924090254
t3_11h6ki,0.17667629445748
t3_y9wpd,0.117140641214857
t3_spamz,0.141021568352578
t3_1ikz3c,0.206915550016184
t3_y60rj,0.140913800728676
t3_vctql,0.223039765895221
t3_k50j9,0.127971698080803
t3_iavvx,0.203504122212181
t3_u97ej,0.304519249316693
t3_zeqka,0.196074756575819
t3_ivcii,0.166395393434122
t3_10u1pr,0.150560674948669
t3_ibqzx,0.0912963515638873
t3_k1f2x,0.156943208877268
t3_1e9rou,0.204303262303013
t3_ibp27,0.193714196776751
t3_yfron,0.431529434399792
t3_ity9v,0.228627319610158
t3_16tpsb,0.426152048652645
t3_1iwtmh,0.240476227421242
t3_o8a74,0.178148474034614
t3_lqmfy,0.160924600338097
t3_yabhi,0.140807068885398
t3_1gzjki,0.265494072333198
t3_qlw5i,0.244704849316317
t3_1iwu3k,0.301536574718756
t3_wzgke,0.203541247012864
t3_x60uq,0.190324519041262
t3_1n8ya7,0.226778013994251
t3_1mxh2m,0.278586789745005
t3_nuc18,0.341437858468858
t3_n02dy,0.531901501843261
t3_19jb1z,0.25810751284131
t3_1krrqc,0.221811009021353
t3_xuxaw,0.0868757003309021
t3_xoqxy,0.131559864255078
t3_1iu6wt,0.211269658582178
t3_1hbjrr,0.119306601095236
t3_14xerk,0.205561830066346
t3_o4np7,0.277837883596266
t3_j6rve,0.377778144725694
t3_zjzx0,0.127727324518434
t3_wdhwu,0.132453767789542
t3_1ii2m8,0.143764243401894
t3_12jnd7,0.172462412783625
t3_noqvy,0.288116617150941
t3_1nbmq4,0.310132414064699
t3_13bycv,0.261358446219783
t3_1d3knr,0.322240508696357
t3_wogdg,0.298783505387051
t3_11q44h,0.112952156257671
t3_12nzg3,0.202569303048889
t3_17tw9t,0.154597715838727
t3_if2lx,0.16391500220939
t3_1jun2m,0.200186770898546
t3_19cylf,0.308112635116005
t3_jt3rn,0.213164590430138
t3_1ibd5b,0.303662943341121
t3_l7cxz,0.236887242569779
t3_1ci2kn,0.178520348009475
t3_lcdp2,0.19648775486205
t3_1lfolk,0.348856464923776
t3_1j8mbe,0.221758303010933
t3_jx8ma,0.138894911410479
t3_1cu42k,0.163142327959184
t3_kalpb,0.158302017750041
t3_12lehd,0.299652627755676
t3_kskxw,0.177832825752878
t3_1n296f,0.239331049063254
t3_lgsol,0.111353253857908
t3_i82id,0.394737632431627
t3_n5ee3,0.262016654121992
t3_mw6mn,0.18213232367891
t3_1c162l,0.410814882188365
t3_ihvtc,0.342129049872331
t3_154oxy,0.190318149065851
t3_kqiam,0.11218526522705
t3_n5s0d,0.169103651476755
t3_10kx56,0.318667886003598
t3_v1zxp,0.444843822015459
t3_11oca5,0.251310275990037
t3_lhtt9,0.272538385230967
t3_o1sex,0.428402919482219
t3_10opxp,0.140598257289182
t3_11l9tf,0.215252770345819
t3_wad1r,0.185519907917194
t3_11ub4a,0.266996596299101
t3_yrhwg,0.35195753918621
t3_wapmb,0.27957807837398
t3_1azh0f,0.488731409709219
t3_1cyenp,0.483680336624676
t3_m4a4w,0.31374657371776
t3_16ei1j,0.384714349889461
t3_17dp7q,0.20468800765304
t3_1b1yue,0.287593041200442
t3_128jt5,0.261281694292296
t3_xbm38,0.314622558210121
t3_1hplyt,0.40680517605401
t3_yhdcj,0.153317291078391
t3_1h7v40,0.0878018054505807
t3_qywp7,0.160982598850023
t3_1mjo0g,0.11231046991809
t3_i2gwx,0.391068850053474
t3_x7px3,0.184108499732489
t3_17crrn,0.123946992738125
t3_15muo0,0.213473369114556
t3_iatwz,0.373468466211501
t3_j55ss,0.400069275309625
t3_1ah59z,0.151594020798024
t3_1hg3ju,0.693217558013678
t3_kfdgh,0.209767602274067
t3_l61uc,0.171617874438558
t3_w6c9t,0.143424966558659
t3_m5gfe,0.165756472004728
t3_1nuw9m,0.280700990853332
t3_rc0s8,0.2029335386167
t3_n04lh,0.122094814723152
t3_ozr08,0.258784306187987
t3_k5v9b,0.182927919459088
t3_z1zks,0.121908299470376
t3_q5yda,0.221193785290529
t3_y3xyz,0.259185308003989
t3_julqz,0.168748505698229
t3_14tned,0.125115270791144
t3_11ppkr,0.244263987733847
t3_1cruvk,0.232641985139407
t3_s3iwq,0.255980469154134
t3_iqvav,0.101453492692807
t3_lzc3o,0.365805326334282
t3_wgfco,0.208134369420791
t3_14tp3u,0.113363538537094
t3_pgnfb,0.174279041822191
t3_jf2ir,0.199994410542691
t3_k4gza,0.207504142481686
t3_10wg2c,0.162506830593231
t3_if7p7,0.242330503509923
t3_m45jf,0.133929934039114
t3_uf051,0.328529497032924
t3_17mn5i,0.311043454408583
t3_17gl52,0.132225229648375
t3_iqvla,0.145686162206763
t3_ldki5,0.163195356167401
t3_1126jt,0.16598109285677
t3_mvsb5,0.152375852808981
t3_n32ze,0.153368626752269
t3_gl7ef,0.258126657059014
t3_iug9n,0.227583482717838
t3_1ewdrb,0.399007609148939
t3_tdu8m,0.305996286108629
t3_k91wr,0.351567933090021
t3_r0h5h,0.147915490041424
t3_ifbw5,0.22199462967224
t3_1n7sx3,0.302648474601126
t3_1b5a4p,0.200329049747465
t3_iamq6,0.438257565132702
t3_o6z29,0.128534894903896
t3_jydqo,0.23861665512197
t3_p3ftt,0.191542301754598
t3_pupzc,0.470968104112431
t3_tn97v,0.225274521817853
t3_vqsnl,0.149973092411436
t3_12cxuc,0.1511284824397
t3_1ktx51,0.518859123233944
t3_tydcg,0.147568450533813
t3_hug18,0.158306890919307
t3_mi7ma,0.20725480273166
t3_l67if,0.167999651569292
t3_1lml71,0.262301529521684
t3_otuha,0.134291663589504
t3_1dfe2n,0.388101408585021
t3_zkui3,0.214019090931615
t3_1mh9w4,0.116457789327962
t3_1jp3f1,0.346085729225028
t3_16gr5b,0.118178091406494
t3_mwd82,0.105792037175375
t3_1jn1j6,0.240922031564282
t3_1ezf35,0.120331316269997
t3_1j4ytk,0.224968282469507
t3_ud0gj,0.153457710182596
t3_1f8knc,0.236765103089174
t3_vgool,0.219823471440778
t3_11b1ti,0.0995238271271646
t3_1aoz8s,0.233349987134364
t3_1cr1zd,0.342640929105575
t3_yvma1,0.20475882976851
t3_ifzvz,0.178853520292562
t3_sp26r,0.698088211135037
t3_w5b9g,0.184615057630719
t3_ql4hw,0.0940070319822328
t3_v1zdc,0.2761044782104
t3_kxz0h,0.165208510635926
t3_wa7hw,0.346329924678443
t3_lgtm6,0.124846705495893
t3_is4sr,0.264436878536997
t3_19b1c5,0.180210753341949
t3_1iv47z,0.173381507127046
t3_1j04eu,0.253903797784493
t3_1jx10i,0.328473007426456
t3_i5o5g,0.11863297918432
t3_1e920k,0.336793996521822
t3_k70pb,0.256205977222945
t3_xko5d,0.223602426731768
t3_1a3vfl,0.158325719808368
t3_1lxybt,0.371676987861614
t3_ldjhu,0.284217440673371
t3_ldeog,0.264019651009567
t3_pfod3,0.25390829072452
t3_193qwb,0.187255422706463
t3_1950v4,0.36198190259398
t3_lzkhn,0.184104935807102
t3_krl47,0.191899289931226
t3_r67bm,0.114936016503581
t3_zaw9z,0.284620731968969
t3_sxko6,0.191627615063755
t3_p8av3,0.215489023606157
t3_inwm2,0.161437296629914
t3_1ihttr,0.273305164260216
t3_j85dp,0.314120963575973
t3_1ag1v5,0.173930061373162
t3_1lu5yo,0.103932790173472
t3_1fj9p3,0.421242654895665
t3_1nv4ks,0.116787184631025
t3_1mdaak,0.191009774089515
t3_1ctxw7,0.221414995742115
t3_1eevnc,0.324585636218545
t3_1ij15g,0.110332316123979
t3_15isv5,0.295134045014833
t3_1lf3me,0.13489157119109
t3_16d2ly,0.125145333363405
t3_1k1xs4,0.250679339654579
t3_ytvgx,0.356132900838851
t3_1ihggu,0.276273636630308
t3_iyq1i,0.271546547706546
t3_j2vji,0.202945756843137
t3_tf9im,0.257956523000977
t3_15ti56,0.210063503429423
t3_zq14r,0.209165810025535
t3_ix9g0,0.117282322772543
t3_sosun,0.193732031731181
t3_13byqo,0.13237924097324
t3_1cf800,0.238612711190097
t3_135fj1,0.184035672649995
t3_1crefk,0.220720553276637
t3_10cvn1,0.190958741672317
t3_sidd8,0.276831960926166
t3_l4o05,0.16332122788687
t3_1irpp0,0.343622488835956
t3_14tboe,0.14896218841408
t3_14vcsz,0.279417523378264
t3_1ik17v,0.154338162227158
t3_1memn0,0.367323520793015
t3_1icup0,0.512818703818291
t3_lhqi7,0.108531512884415
t3_1ipvwk,0.189251556771472
t3_1dlaly,0.24533312617759
t3_zzuu4,0.12181633231332
t3_19cz7c,0.165037279747098
t3_1k64o2,0.359197645125633
t3_1mjpg0,0.114473602342695
t3_iol8h,0.317055850338355
t3_1isd30,0.151614808672344
t3_lj7oy,0.176243096950626
t3_xnm2p,0.174844276723421
t3_1c3v9m,0.211961020745993
t3_s4svv,0.530734428562649
t3_19jlpy,0.144993457023519
t3_19nhbi,0.191718932118611
t3_1gb1to,0.188787777199155
t3_1c8rmz,0.360223849160555
t3_1igt9f,0.367445394273664
t3_1eqmt5,0.17521606901126
t3_rwaf0,0.203336589460527
t3_1kw2e6,0.487411477697833
t3_1jgelh,0.327117341251087
t3_jcq0o,0.123638898741112
t3_172kz4,0.183270380048353
t3_w56fp,0.362165192772042
t3_my16i,0.192817271982828
t3_k0r9x,0.129916507349991
t3_17sczo,0.132691947013709
t3_14im5p,0.23561442225865
t3_1ih8z4,0.421203647675775
t3_qmmdi,0.250501230895854
t3_qgsgw,0.0754780992479168
t3_1gdjus,0.124802114463741
t3_k0vt2,0.175384116216045
t3_1jd94m,0.274475052441733
t3_k4z02,0.373128494241356
t3_lp6lv,0.119756298673243
t3_1agayp,0.318300815721318
t3_1b9o16,0.133653023545113
t3_17q6f5,0.218672789681358
t3_n39i4,0.113494925870312
t3_pey91,0.26177779682568
t3_125l77,0.14648326929866
t3_150p6t,0.245759297211951
t3_1ig7c8,0.193457860117038
t3_1bd8v3,0.237636353782117
t3_in1tc,0.273412123980745
t3_pcmhh,0.290483417525261
t3_ziw36,0.234312371771683
t3_m489r,0.195876903644063
t3_jxuil,0.295978508033316
t3_i7lvc,0.35150045487661
t3_iq3hd,0.259857767973497
t3_y5tl0,0.29443499215218
t3_1mx6dp,0.455218306038049
t3_17la4f,0.163871045274071
t3_i11au,0.203717920290419
t3_naa39,0.353779079863875
t3_k87gg,0.225680913505722
t3_lrud4,0.134559893468647
t3_11k0ch,0.214343398133047
t3_jjtne,0.277567235522075
t3_1o3fi6,0.122068348865389
t3_qwz21,0.272133522172042
t3_if9kv,0.193352162821706
t3_ino69,0.269514278665484
t3_y36b3,0.24457445602075
t3_ljw7y,0.180398413929369
t3_msmlt,0.228195074185401
t3_1c01o8,0.246005432228066
t3_yk3jz,0.225518453600491
t3_jvh01,0.280192231221587
t3_wgsws,0.214574742067674
t3_lq66h,0.331150616904901
t3_15567s,0.304131417123462
t3_1lsr9x,0.413206513103723
t3_1d96q8,0.256581919730919
t3_r1xtu,0.198289058473517
t3_1exwmo,0.204015920034186
t3_k4m4x,0.219255996482221
t3_15e251,0.214238117321944
t3_1ma7rd,0.186081973369351
t3_jgtfw,0.252835194188531
t3_18droz,0.220293312049829
t3_phmbn,0.392550371270429
t3_n6s1i,0.364257247666695
t3_htxnw,0.403729351384734
t3_wkd6l,0.385007247106352
t3_1i8b15,0.172045175466317
t3_17ovhi,0.272339908474328
t3_ngtw8,0.103018038315482
t3_jedff,0.240571692604354
t3_1iv2s8,0.131023517680548
t3_iynyd,0.293474745999797
t3_vi2qo,0.216149137702044
t3_nz2df,0.350062453995385
t3_rkhub,0.42940931043647
t3_jmr1j,0.328471929215389
t3_iwavb,0.153025700956913
t3_iv6eu,0.190112534845536
t3_j6nr5,0.373569957503851
t3_1cniq6,0.398147221556149
t3_q0c6k,0.1586536850168
t3_1mufdh,0.133933064487849
t3_1bw1b9,0.126461558634656
t3_ico94,0.18887629297217
t3_vipop,0.281019051303161
t3_1iwdep,0.37862378364435
t3_1izd63,0.131628469334869
t3_1m9j1d,0.529297236630489
t3_1g5pyx,0.172517842982906
t3_v7tzf,0.227657321500704
t3_jog1v,0.161057153921686
t3_pe8md,0.15461768117393
t3_kxlzo,0.288635461968832
t3_kz2ws,0.0949384637297605
t3_1ee1fp,0.337559313435802
t3_khxzm,0.130949291626001
t3_1166u8,0.150909559976694
t3_wj4na,0.154485536500946
t3_11lg2f,0.104445896789008
t3_1iwg9n,0.267049247740993
t3_vjgu4,0.199326987288458
t3_1275dw,0.147856814817162
t3_16w1fs,0.388565513974809
t3_1lxlbw,0.309497077403594
t3_ojw1m,0.222795743238112
t3_1jart1,0.310783945098635
t3_yf6n3,0.280764753232557
t3_1n859f,0.183424298193744
t3_n993g,0.161861835048246
t3_jzi49,0.24090493485274
t3_tv7zq,0.273869884434778
t3_opj7h,0.272564797308099
t3_12jio7,0.165797576578783
t3_1loyn7,0.27533125093591
t3_12c6hf,0.16197392228356
t3_pzish,0.25624227461515
t3_1h05vp,0.113645036495971
t3_110efm,0.14989561870398
t3_xa98e,0.689762579547768
t3_xgrpi,0.0928141758892513
t3_1h29mo,0.222979434598611
t3_niode,0.281445653620669
t3_hy49h,0.146786311194556
t3_1eluz0,0.0823229152930109
t3_12eoc9,0.202889117205174
t3_1necw3,0.331040500856076
t3_1lw16j,0.199368018909811
t3_ihh90,0.216370308378925
t3_jyepv,0.275310224313724
t3_kqf8k,0.193880411043591
t3_m9h42,0.266610768445703
t3_ikck4,0.415874137240906
t3_vzfp5,0.406052776581534
t3_1mhbok,0.307966117324505
t3_150x3u,0.346049308432881
t3_rdsa5,0.185965804229694
t3_1k175h,0.396079858767983
t3_xu8em,0.114540333632792
t3_w7fjy,0.0815201048547485
t3_xnrho,0.140483980957478
t3_1n6wjw,0.165771996677883
t3_15fud8,0.235108795881321
t3_11hnoe,0.121207761141585
t3_jmnl8,0.150167677989235
t3_1kkv09,0.093773471514078
t3_ngvgh,0.167693082532423
t3_jx94c,0.255096412209839
t3_xwxmj,0.190816891417136
t3_iwfd1,0.165395027241175
t3_10hpsk,0.11265900339191
t3_hvwav,0.356378691358769
t3_snqsi,0.110087256678389
t3_icqr9,0.254565469003439
t3_ibz1b,0.347362196297145
t3_iay69,0.148364394693594
t3_11zblm,0.165256824657339
t3_wzkmu,0.234997381616455
t3_1crpj5,0.194308808320511
t3_iczu2,0.230780403442913
t3_wns9p,0.337684404291141
t3_1invu0,0.142402440571323
t3_m2hic,0.253343503832186
t3_vi9dc,0.0863755223752122
t3_pimge,0.336356365595667
t3_i7adt,0.430778460157187
t3_15e9dq,0.496291383501977
t3_1czkj9,0.183827796583413
t3_1btf55,0.283166918199033
t3_yifuj,0.106015994174393
t3_zh4v4,0.156155792493782
t3_paght,0.139786630866671
t3_1bmaeo,0.267497595841637
t3_1mnkgu,0.21103930285302
t3_1hdqo9,0.375946924040946
t3_12lbis,0.0711896005163042
t3_1hcumf,0.202433461997361
t3_11s3p3,0.13749644061489
t3_1dkhn2,0.366026141141823
t3_onxcv,0.162923861434239
t3_1g5q8a,0.24637105324156
t3_16lcq8,0.122440856849453
t3_17gi30,0.279624269804016
t3_ibs5y,0.139620206319383
t3_1cs2px,0.435905877926613
t3_v4w93,0.132006774366822
t3_1n1axt,0.21648289131251
t3_ihko3,0.210366207087609
t3_1896rw,0.277105835524898
t3_125i9k,0.312163763646447
t3_ww56x,0.224843722758784
t3_uj7th,0.188981915194743
t3_xsnoi,0.263495054036507
t3_jyi06,0.252040634575483
t3_yxnzv,0.163026150070726
t3_l4640,0.178586950354834
t3_1dnss4,0.194069247476419
t3_1359u2,0.219223221505691
t3_s4r05,0.203883252858051
t3_j16ec,0.227243859982037
t3_zpi3v,0.178370917446143
t3_pyewj,0.266256145272839
t3_ychfj,0.35979397626973
t3_l4pgj,0.254272814638765
t3_1llkaa,0.427932500963058
t3_wj3qa,0.184131021075255
t3_zy61w,0.233612631960466
t3_1dize8,0.29140434696395
t3_1f7t8i,0.191434111293013
t3_1lerlv,0.292630418953856
t3_1meieg,0.236322870212395
t3_156xcj,0.272337397849837
t3_j8iuv,0.221092192433838
t3_irgvc,0.152603649327915
t3_qyedt,0.148209738055126
t3_u95c6,0.276259055087283
t3_1e97au,0.386257002588831
t3_wp8uc,0.101294591343369
t3_sst1u,0.10649249121013
t3_1c63lb,0.231424987517661
t3_o85l6,0.200846920743303
t3_idivc,0.238634255305588
t3_k45dt,0.219327329741963
t3_19ywdh,0.296219851917258
t3_kf0cy,0.271311909988622
t3_137zgp,0.135435481041035
t3_1gx8mx,0.665187078662327
t3_tvndu,0.180187718655301
t3_zsgtc,0.24481636338695
t3_l4n9w,0.179997034810628
t3_mjeye,0.134252983709145
t3_mz1mg,0.141337634997035
t3_jgbs9,0.352796009239332
t3_1gnaod,0.339629207687961
t3_hrz9i,0.286000156369739
t3_1me64e,0.233493705723513
t3_idq7h,0.139992729631947
t3_ys5ol,0.377291052742222
t3_1lezr3,0.185012365653094
t3_lnwd6,0.38486104233305
t3_zwbh8,0.166236097732487
t3_1ctkfz,0.393356464844328
t3_1kn4ge,0.313238774762112
t3_1l10qa,0.408437223951138
t3_177ayp,0.262498972544899
t3_jijg7,0.175811521111116
t3_16vnjz,0.276193581237697
t3_1nbk1o,0.137606658897365
t3_vem93,0.294654170020473
t3_o6e99,0.143566333857772
t3_jahvc,0.193053941373862
t3_k62zb,0.322957910764698
t3_1n351g,0.18757824758528
t3_11tjwv,0.102460302278555
t3_14ux4w,0.14640363725872
t3_ijhc3,0.28765555923968
t3_1j6f3u,0.192410564061749
t3_w21z2,0.172515365749171
t3_j82a6,0.214805022104362
t3_pm783,0.31547036426335
t3_v3r93,0.192949650451202
t3_1jimga,0.329180943624144
t3_idti4,0.296155975760811
t3_mjkln,0.197733317992452
t3_y2ne5,0.258955916510645
t3_xry1e,0.527152130890804
t3_qceuc,0.303776224129312
t3_16noen,0.223605046317638
t3_1ee39k,0.396687839684659
t3_1eq5xl,0.160282040368485
t3_mrkl3,0.128202877457897
t3_ojet5,0.19370046077827
t3_v0ki0,0.2326353335941
t3_jq47k,0.219301476515172
t3_1fqoyo,0.270770402313198
t3_vbb3v,0.192466665217996
t3_1k62l3,0.108740919845955
t3_12p4pv,0.213776881519154
t3_i37e6,0.191225396514275
t3_if7vp,0.354874825637736
t3_kvy1i,0.214316531566226
t3_xd0ls,0.174005326546282
t3_rirnq,0.237840696157162
t3_mco6n,0.273777169396216
t3_13tugz,0.22069035420451
t3_k0ilx,0.27683598507202
t3_ibat9,0.236834834359531
t3_m42qj,0.197843348886513
t3_1cucx0,0.220627125289154
t3_zjfck,0.148415413020558
t3_1iv5aj,0.159385327520243
t3_u7z81,0.320834081571615
t3_ke8v1,0.311231201089722
t3_t6s95,0.168851930898154
t3_w3y90,0.19963502483056
t3_vvs2c,0.162145743626596
t3_hupa5,0.382767669226948
t3_zf126,0.223170119776099
t3_v18x3,0.355099485724409
t3_my9b0,0.311552702996492
t3_10kngj,0.282630965114722
t3_is415,0.179293285891001
t3_io8w1,0.295623587788301
t3_jatqy,0.399737604577854
t3_yz9sf,0.14112802684499
t3_k4z3q,0.172116123984112
t3_1bird0,0.441025156780446
t3_1cjq75,0.245909131478921
t3_1cle36,0.195444231151308
t3_1cgw6n,0.249904062318193
t3_yvb02,0.221528811074466
t3_jzmij,0.106449340942687
t3_iii4u,0.347227819142059
t3_jmyq9,0.202925193840373
t3_kr3gt,0.177826237796626
t3_w8rkv,0.109662535181665
t3_12x5q1,0.143219413725519
t3_jshkp,0.137966532125822
t3_1o9hi0,0.347822501283864
t3_u64m1,0.314507623124655
t3_1cylzs,0.185079158025273
t3_icou8,0.168257962564743
t3_jvh8u,0.285261688201296
t3_rzjzd,0.193775905793055
t3_mxzhx,0.311354243882497
t3_vwclz,0.163492978076844
t3_wxsh1,0.111571228164025
t3_k3ki7,0.169808049061192
t3_j6283,0.229509692623807
t3_mxya9,0.237379666408811
t3_1aduwk,0.426515843045554
t3_ot2tt,0.314464840302123
t3_1lvsn9,0.163634705434393
t3_1cysab,0.164188140958402
t3_nhqn0,0.43767148909584
t3_1109ba,0.225450382614155
t3_11sa5p,0.214931040322518
t3_16wls1,0.188885954809188
t3_1i8cqz,0.147989991799168
t3_wwkkm,0.172377340568376
t3_110gio,0.290631932506003
t3_inmlb,0.264896371908668
t3_k3ocx,0.432750278688513
t3_1hz09s,0.185167965931532
t3_1mzio9,0.371648482291043
t3_lb1w0,0.355990514697704
t3_1crwei,0.121507937526195
t3_q5961,0.189928982047506
t3_lxx3z,0.239451344132067
t3_16appe,0.151076401346289
t3_1adg49,0.141074517809339
t3_iyk1y,0.290284419708489
t3_1iw0gf,0.305671048304106
t3_x1o1v,0.215447423808578
t3_1m23pg,0.491646284373217
t3_yintm,0.236659815029676
t3_ts9p3,0.445925009176872
t3_z9ck0,0.339007867983604
t3_th40x,0.150480372779318
t3_icon7,0.177087785157587
t3_t0mtn,0.265234895432922
t3_juayz,0.389524922951282
t3_mzfsp,0.161476584037284
t3_14exjy,0.30181030580635
t3_1c7725,0.191455897854136
t3_1ifyzz,0.23817159998547
t3_i96f9,0.222723852145524
t3_kbmyh,0.204779497144441
t3_170pqr,0.169757279546763
t3_sqwpp,0.205781508828176
t3_1553el,0.145693005801661
t3_ikbu8,0.218565926731776
t3_y6aab,0.121049262453733
t3_1fxma9,0.127575305706676
t3_18gj1h,0.131782522873714
t3_o0jew,0.224787512789676
t3_1jpkbf,0.436470573968379
t3_idu38,0.215218452017165
t3_lhjci,0.502340609987289
t3_1d3hd7,0.291654871772609
t3_150b65,0.207757146955415
t3_rjp1j,0.298651322749665
t3_k30r3,0.309351093045713
t3_1hav4d,0.136519079181101
t3_1a5ixr,0.294357763430686
t3_pxd37,0.160999644677128
t3_1djtso,0.364131907638125
t3_14ezoh,0.308469113785673
t3_12obj5,0.243025635535677
t3_nqwjm,0.24973195957776
t3_oifsx,0.218980846767605
t3_1f45sh,0.111444786987483
t3_1fr5bm,0.186735780351615
t3_r7odh,0.312454021996304
t3_1kmou4,0.15253283672986
t3_17pzg4,0.167301267739314
t3_i0miz,0.247784380628162
t3_il0s0,0.322653791635856
t3_1l5uzx,0.247038998376764
t3_1evpom,0.13564003971723
t3_idy6k,0.225793684456562
t3_sshis,0.287905398665252
t3_1blxrm,0.326282445547388
t3_1esd91,0.166760780225729
t3_vai9m,0.177950704436745
t3_ne3jr,0.308797245854424
t3_1nm9os,0.161272022021162
t3_ledhr,0.347786207204398
t3_pw02q,0.159718990230396
t3_irgbj,0.156338747999614
t3_xd9hv,0.236554219190919
t3_icu7p,0.143262385144794
t3_1d8yob,0.135327979476067
t3_l4xry,0.174538583442752
t3_112jsu,0.216380706170692
t3_kly75,0.2282905141888
t3_ifrfv,0.329479428192901
t3_x8mp3,0.268455653192849
t3_x2qzw,0.130147031848393
t3_13u1al,0.218259246524179
t3_xnwf2,0.151128018368043
t3_xf1p9,0.198123894101616
t3_jjz0j,0.306769662550586
t3_k08dr,0.285982865331688
t3_1af9hg,0.263849264717262
t3_tl8gg,0.277174651039288
t3_qdtn7,0.127956052642474
t3_ubnwm,0.303654257436703
t3_s14x9,0.226133599549026
t3_157g5c,0.0953756963956247
t3_y9nfg,0.352456333112117
t3_tfqnk,0.158610550000681
t3_1lxsiq,0.169529392651684
t3_r1boq,0.128505932073058
t3_14ihpw,0.220924245423634
t3_12124d,0.175304998669333
t3_10o1th,0.201454417179594
t3_1blyk4,0.20369491805811
t3_jxj0w,0.180006235812028
t3_12vddw,0.213838921422358
t3_1kow8l,0.337273185688082
t3_llfug,0.243354685731182
t3_1fqagd,0.322783390254299
t3_pfs19,0.107256433680004
t3_185q0b,0.449027189266289
t3_th6m0,0.234513709857661
t3_1ma6le,0.266632109308553
t3_k0q1w,0.207508783906754
t3_15xp2y,0.17794990801715
t3_vpe62,0.202232927165818
t3_12gbgy,0.640224590501665
t3_jtsb9,0.122880262183257
t3_wly8k,0.310199993634236
t3_j2k0d,0.341866067949963
t3_1j4tf5,0.261281201990922
t3_yfjn0,0.374720184141295
t3_1cot73,0.440190322064461
t3_n81pv,0.178299523125947
t3_ijnhm,0.125862537573482
t3_1493gl,0.198895684020422
t3_1i4pcy,0.472169354157088
t3_n5o88,0.189891191154999
t3_mrgd3,0.32586802238569
t3_1fqv6l,0.257706634575778
t3_mscj8,0.232061461524222
t3_tiyor,0.165026541483935
t3_l4rl8,0.146226103959835
t3_1e2v32,0.163863414090624
t3_r7sgr,0.425257897682325
t3_t0krh,0.387633724857995
t3_iregv,0.290089504441829
t3_ndcvq,0.244972896465153
t3_w3ldb,0.193175115096115
t3_q3io5,0.404077575226627
t3_smcni,0.453530497129019
t3_zzsho,0.127777959315628
t3_pr3p3,0.213848426897069
t3_1hluyc,0.149619301118174
t3_k025c,0.416250399103258
t3_1go8c1,0.20284837589159
t3_ihhbr,0.294798343060582
t3_1ckfzz,0.228575024169086
t3_1l7ksf,0.204196659330911
t3_vawcb,0.201337311826309
t3_mody8,0.172083652666449
t3_1foy3z,0.163624944748208
t3_qzu4g,0.238194877262727
t3_lmb89,0.336453986846644
t3_1m53fu,0.152185985465468
t3_10cy64,0.207135987190534
t3_m7m7l,0.181786407461528
t3_1lfrlc,0.113146922270737
t3_iihye,0.238721801664454
t3_xn5hp,0.233811866202275
t3_ro9ud,0.163120379686963
t3_kx1pn,0.344366961160675
t3_1cn0h3,0.37843751208095
t3_zq12j,0.212978602289844
t3_1br2hm,0.481423901373003
t3_knttk,0.25187035132739
t3_11wza2,0.243737059736064
t3_iwbsf,0.253805427699874
t3_nys7g,0.349894221367297
t3_17pmtu,0.184531626840137